{
  "project_info": {
    "project_number": "70963851153",
    "firebase_url": "https://siriussoftwares-safety.firebaseio.com",
    "project_id": "siriussoftwares-safety",
    "storage_bucket": "siriussoftwares-safety.appspot.com"
  },
  "client": [
    {
      "client_info": {
        "mobilesdk_app_id": "1:70963851153:android:b50633669e43d8ff",
        "android_client_info": {
          "package_name": "com.siriussoftwares.safety"
        }
      },
      "oauth_client": [
        {
          "client_id": "70963851153-96oeo3h31o767unmgm8mn8hvvj08s885.apps.googleusercontent.com",
          "client_type": 3
        }
      ],
      "api_key": [
        {
          "current_key": "AIzaSyCJSb_EkrmIftXmVDbfAfAdXDBHqc_GBog"
        }
      ],
      "services": {
        "analytics_service": {
          "status": 1
        },
        "appinvite_service": {
          "status": 1,
          "other_platform_oauth_client": []
        },
        "ads_service": {
          "status": 2
        }
      }
    }
  ],
  "configuration_version": "1"
}